scheme	level	n	accuracy	macro_precision	macro_recall	macro_f1	resolved_rate	unresolved_rate	ambiguous_rate	false_positive_rate	false_negative_rate	false_terminal_assignment_rate
old	gc	10528	0.99259119	0.99814127	0.99222967	0.99517664	0.99373100	0.00626900	0.00000000	0.00113982	0.00626900	
old	lineage	10528	0.88791793	0.65149709	0.66213587	0.65640297	0.99373100	0.00626900	0.00000000	0.10581307	0.00626900	
old	sublineage	10528	0.88696809	0.71005320	0.70834583	0.70914594	0.98176292	0.01823708	0.00000000	0.10353343	0.00949848	0.10353343
bugfixed	gc	10528	0.99914514	0.99952346	0.99588665	0.99769645	1.00000000	0.00000000	0.00000000	0.00085486	0.00000000	
bugfixed	lineage	10528	0.88886778	0.65766355	0.66346314	0.66039531	1.00000000	0.00000000	0.00000000	0.11113222	0.00000000	
bugfixed	sublineage	10528	0.88810790	0.71032792	0.70927616	0.70975987	0.98176292	0.01823708	0.00000000	0.10239362	0.00949848	0.10239362
new	gc	10528	0.87727964	1.00000000	0.93152427	0.96324533	0.87727964	0.12272036	0.00000000	0.00000000	0.12272036	
new	lineage	10528	0.87727964	1.00000000	0.93019636	0.95871078	0.87727964	0.12272036	0.00000000	0.00000000	0.12272036	
new	sublineage	10528	0.84944909	0.90384615	0.90366837	0.90375712	0.84071049	0.15928951	0.00000000	0.00000000	0.15055091	0.00000000
