node	parent	rule_type	anchor_marker	anchor_homoplasy	anchor_sensitivity	anchor_specificity	conflicting_clades	override_markers	required_guard_state	uncallable_guard_result	confidence_ceiling	status	notes
1.1.1	1.1	EXCLUSIVE_MARKER	5385:C>T	1	1.00000000	1.00000000					HIGH	READY	eligible_exclusive_markers=164
1.1.2	1.1	EXCLUSIVE_MARKER	75153:G>A	1	1.00000000	1.00000000					HIGH	READY	eligible_exclusive_markers=290
1.2.1	1.2	EXCLUSIVE_MARKER	266654:A>G	1	1.00000000	1.00000000					HIGH	READY	eligible_exclusive_markers=177
1.3.1	1.3	EXCLUSIVE_MARKER	2028825:T>A	1	1.00000000	1.00000000					HIGH	READY	eligible_exclusive_markers=21
1.3.2	1.3	EXCLUSIVE_MARKER	2312839:G>T	1	1.00000000	1.00000000					MEDIUM	READY	eligible_exclusive_markers=1
1.4.1	1.4	EXCLUSIVE_MARKER	1200356:G>A	1	1.00000000	1.00000000					HIGH	READY	eligible_exclusive_markers=45
1.4.10	1.4	EXCLUSIVE_MARKER	2223946:G>C	1	1.00000000	1.00000000					MEDIUM	READY	eligible_exclusive_markers=1
1.4.2	1.4	EXCLUSIVE_MARKER	123384:C>T	1	1.00000000	1.00000000					HIGH	READY	eligible_exclusive_markers=76
1.4.3	1.4	EXCLUSIVE_MARKER	623806:C>T	1	1.00000000	1.00000000					HIGH	READY	eligible_exclusive_markers=3
1.4.4	1.4	EXCLUSIVE_MARKER	157287:G>T	1	1.00000000	1.00000000					HIGH	READY	eligible_exclusive_markers=25
1.4.5	1.4	EXCLUSIVE_MARKER	974092:T>G	1	1.00000000	1.00000000					HIGH	READY	eligible_exclusive_markers=162
1.4.6	1.4	EXCLUSIVE_MARKER	210560:G>A	1	1.00000000	1.00000000					HIGH	READY	eligible_exclusive_markers=22
1.4.7	1.4	EXCLUSIVE_MARKER	399:C>T	1	1.00000000	1.00000000					HIGH	READY	eligible_exclusive_markers=232
1.4.8	1.4	EXCLUSIVE_MARKER	3649:C>A	1	1.00000000	1.00000000					HIGH	READY	eligible_exclusive_markers=50
1.4.9	1.4	NO_RESOLVABLE_RULE								UNRESOLVED_AT_PARENT		UNRESOLVED	no exclusive marker and no conditionally resolvable anchor
2.1.1	2.1	EXCLUSIVE_MARKER	417396:A>G	1	1.00000000	1.00000000					HIGH	READY	eligible_exclusive_markers=22
2.1.2	2.1	EXCLUSIVE_MARKER	738524:C>T	1	1.00000000	1.00000000					HIGH	READY	eligible_exclusive_markers=8
2.1.3	2.1	EXCLUSIVE_MARKER	480007:C>T	1	1.00000000	1.00000000					HIGH	READY	eligible_exclusive_markers=4
2.1.4	2.1	EXCLUSIVE_MARKER	2724138:T>G	1	1.00000000	1.00000000					HIGH	READY	eligible_exclusive_markers=2
2.2.1	2.2	EXCLUSIVE_MARKER	2048415:T>A	1	1.00000000	1.00000000					HIGH	READY	eligible_exclusive_markers=2
2.2.2	2.2	EXCLUSIVE_MARKER	7075:G>A	1	1.00000000	1.00000000					HIGH	READY	eligible_exclusive_markers=14
2.2.3	2.2	EXCLUSIVE_MARKER	482779:C>T	1	1.00000000	1.00000000					HIGH	READY	eligible_exclusive_markers=8
2.2.4	2.2	EXCLUSIVE_MARKER	1109249:G>T	1	1.00000000	1.00000000					HIGH	READY	eligible_exclusive_markers=41
2.2.5	2.2	NO_RESOLVABLE_RULE								UNRESOLVED_AT_PARENT		UNRESOLVED	no exclusive marker and no conditionally resolvable anchor
2.2.6	2.2	NO_RESOLVABLE_RULE								UNRESOLVED_AT_PARENT		UNRESOLVED	no exclusive marker and no conditionally resolvable anchor
2.3.1	2.3	EXCLUSIVE_MARKER	277039:C>A	1	1.00000000	1.00000000					HIGH	READY	eligible_exclusive_markers=8
2.3.2	2.3	EXCLUSIVE_MARKER	1327555:C>T	2	0.99924357	1.00000000					HIGH	READY	eligible_exclusive_markers=2
2.3.3	2.3	EXCLUSIVE_MARKER	2235691:G>A	1	1.00000000	1.00000000					MEDIUM	READY	eligible_exclusive_markers=1
2.4.1	2.4	EXCLUSIVE_MARKER	1041006:T>C	1	1.00000000	1.00000000					HIGH	READY	eligible_exclusive_markers=2
2.4.10	2.4	OVERRIDE_THEN_FALLBACK	3506892:G>C	5	1.00000000	0.97311252	2.4.13	2.4.13=976877:A>G	NO_OVERRIDE_MARKER_RETURNED	ASSIGN_FALLBACK	MEDIUM	READY_CONDITIONAL	evaluate override markers first; when none is returned, assign the anchor clade as fallback
2.4.11	2.4	EXCLUSIVE_MARKER	2089945:C>A	1	1.00000000	1.00000000					MEDIUM	READY	eligible_exclusive_markers=1
2.4.12	2.4	EXCLUSIVE_MARKER	299105:C>T	1	1.00000000	1.00000000					HIGH	READY	eligible_exclusive_markers=14
2.4.13	2.4	EXCLUSIVE_MARKER	976877:A>G	1	1.00000000	1.00000000					HIGH	READY	eligible_exclusive_markers=5
2.4.14	2.4	EXCLUSIVE_MARKER	2172149:G>A	2	0.99820789	1.00000000					MEDIUM	READY	eligible_exclusive_markers=1
2.4.15	2.4	EXCLUSIVE_MARKER	1460331:T>C	1	1.00000000	1.00000000					HIGH	READY	eligible_exclusive_markers=7
2.4.16	2.4	EXCLUSIVE_MARKER	1290543:C>T	2	0.99543379	1.00000000					HIGH	READY	eligible_exclusive_markers=2
2.4.17	2.4	EXCLUSIVE_MARKER	189843:G>T	1	1.00000000	1.00000000					HIGH	READY	eligible_exclusive_markers=15
2.4.2	2.4	NO_RESOLVABLE_RULE								UNRESOLVED_AT_PARENT		UNRESOLVED	no exclusive marker and no conditionally resolvable anchor
2.4.4	2.4	EXCLUSIVE_MARKER	351931:A>G	1	1.00000000	1.00000000					HIGH	READY	eligible_exclusive_markers=2
2.4.5	2.4	EXCLUSIVE_MARKER	2901430:G>A	1	1.00000000	1.00000000					MEDIUM	READY	eligible_exclusive_markers=1
2.4.6	2.4	EXCLUSIVE_MARKER	454398:C>T	1	1.00000000	1.00000000					HIGH	READY	eligible_exclusive_markers=5
2.4.7	2.4	NO_RESOLVABLE_RULE								UNRESOLVED_AT_PARENT		UNRESOLVED	no exclusive marker and no conditionally resolvable anchor
2.4.9	2.4	EXCLUSIVE_MARKER	1040967:C>A	1	1.00000000	1.00000000					HIGH	READY	eligible_exclusive_markers=6
2.5.1	2.5	EXCLUSIVE_MARKER	2113909:C>A	1	1.00000000	1.00000000					MEDIUM	READY	eligible_exclusive_markers=1
2.5.2	2.5	EXCLUSIVE_MARKER	466959:G>A	1	1.00000000	1.00000000					HIGH	READY	eligible_exclusive_markers=3
2.5.3	2.5	EXCLUSIVE_MARKER	629861:C>T	1	1.00000000	1.00000000					MEDIUM	READY	eligible_exclusive_markers=1
2.5.4	2.5	EXCLUSIVE_MARKER	169108:A>C	1	1.00000000	1.00000000					HIGH	READY	eligible_exclusive_markers=12
2.5.5	2.5	EXCLUSIVE_MARKER	374250:A>G	1	1.00000000	1.00000000					HIGH	READY	eligible_exclusive_markers=2
2.5.6	2.5	OVERRIDE_THEN_FALLBACK	1733723:T>G	3	0.99938291	0.98929601	2.5.8	2.5.8=2860886:T>C	NO_OVERRIDE_MARKER_RETURNED	ASSIGN_FALLBACK	MEDIUM	READY_CONDITIONAL	evaluate override markers first; when none is returned, assign the anchor clade as fallback
2.5.7	2.5	EXCLUSIVE_MARKER	1097028:C>T	1	1.00000000	1.00000000					HIGH	READY	eligible_exclusive_markers=2
2.5.8	2.5	EXCLUSIVE_MARKER	2860886:T>C	1	1.00000000	1.00000000					MEDIUM	READY	eligible_exclusive_markers=1
2.5.9	2.5	EXCLUSIVE_MARKER	42866:A>C	1	1.00000000	1.00000000					HIGH	READY	eligible_exclusive_markers=6
