panel	node	position	ref	alt	line_number	reference_base	reference_ref_match	configured_value	external_matches_config	parent	parent_marker_present	duplicate_allele_nodes	duplicate_allele_conflict
hc1030	GC1	1324677	T	C	1	T	True	GC1|T|C	True	ESL	True	GC1	False
hc1030	GC1	1330326	A	G	2	A	True	GC1|A|G	True	ESL	True	GC1	False
hc1030	GC1	1504581	T	C	3	T	True	GC1|T|C	True	ESL	True	GC1	False
hc1030	GC1	1674628	C	T	4	C	True	GC1|C|T	True	ESL	True	GC1	False
hc1030	GC1	2097573	A	T	5	A	True	GC1|A|T	True	ESL	True	GC1	False
hc1030	GC1	2142755	G	A	6	G	True	GC1|G|A	True	ESL	True	GC1	False
hc1030	GC1	2193024	C	T	7	C	True	GC1|C|T	True	ESL	True	GC1	False
hc1030	GC1	2198442	G	T	8	G	True	GC1|G|T	True	ESL	True	GC1	False
hc1030	GC1	2217841	T	G	9	T	True	GC1|T|G	True	ESL	True	GC1	False
hc1030	GC1	2307186	T	A	10	T	True	GC1|T|A	True	ESL	True	GC1	False
hc1030	GC1	2355160	G	A	11	G	True	GC1|G|A	True	ESL	True	GC1	False
hc1030	GC1	2802506	A	T	12	A	True	GC1|A|T	True	ESL	True	GC1	False
hc1030	GC1	2922385	T	A	13	T	True	GC1|T|A	True	ESL	True	GC1	False
hc1030	GC1	2974472	A	C	14	A	True	GC1|A|C	True	ESL	True	GC1	False
hc1030	GC1	3487156	C	A	15	C	True	GC1|C|A	True	ESL	True	GC1	False
hc1030	GC2	991694	T	C	16	T	True	GC2|T|C	True	ESL	True	GC2	False
hc1030	GC2	1786844	T	A	17	T	True	GC2|T|A	True	ESL	True	GC2	False
hc1030	GC2	1787249	C	T	18	C	True	GC2|C|T	True	ESL	True	GC2	False
hc1030	GC2	2016304	G	A	19	G	True	GC2|G|A	True	ESL	True	GC2	False
hc1030	GC2	2016630	G	T	20	G	True	GC2|G|T	True	ESL	True	GC2	False
hc1030	GC2	2035410	G	A	21	G	True	GC2|G|A	True	ESL	True	GC2	False
hc1030	GC2	2035459	T	A	22	T	True	GC2|T|A	True	ESL	True	GC2	False
lineage	1.1	29867	G	T	1	G	True	1.1|G|T	True	GC1	True	1.1	False
lineage	1.2	1417459	C	T	2	C	True	1.2|C|T	True	GC1	True	1.2	False
lineage	1.3	1410148	G	A	3	G	True	1.3|G|A	True	GC1	True	1.3	False
lineage	1.4	266654	A	G	4	A	True	1.4|A|G	True	GC1	True	1.4	False
lineage	2.1	947162	T	A	5	T	True	2.1|T|A	True	GC2	True	2.1	False
lineage	2.2	592890	A	G	6	G	False	2.2|A|G	True	GC2	True	2.2	False
lineage	2.3	266845	G	T	7	T	False	2.3|G|T	True	GC2	True	2.3	False
lineage	2.5	2110750	T	A	8	T	True	2.5|T|A	True	GC2	True	2.5	False
variant	1.1.1	161777	C	T	1	C	True	1.1.1|C|T	True	1.1	True	1.1.1	False
variant	1.2.1	2028825	T	A	2	T	True	1.2.1|T|A	True	1.2	True	1.2.1	False
variant	1.2.2	2312839	G	T	3	G	True	1.2.2|G|T	True	1.2	True	1.2.2	False
variant	1.3.10	2223946	G	C	4	G	True	1.3.10|G|C	True	1.3	True	1.3.10	False
variant	1.3.2	123384	C	T	5	C	True	1.3.2|C|T	True	1.3	True	1.3.2|1.4.2	True
variant	1.3.3	623806	C	T	6	C	True	1.3.3|C|T	True	1.3	True	1.3.3	False
variant	1.3.4	807437	C	T	7	C	True	1.3.4|C|T	True	1.3	True	1.3.4	False
variant	1.3.5	1042347	A	G	8	A	True	1.3.5|A|G	True	1.3	True	1.3.5	False
variant	1.3.6	210560	G	A	9	G	True	1.3.6|G|A	True	1.3	True	1.3.6	False
variant	1.3.7	399	C	T	10	C	True	1.3.7|C|T	True	1.3	True	1.3.7	False
variant	1.3.8	3649	C	A	11	C	True	1.3.8|C|A	True	1.3	True	1.3.8	False
variant	1.3.9	1759764	A	C	12	A	True	1.3.9|A|C	True	1.3	True	1.3.9	False
variant	1.4.1	1761833	C	T	13	C	True	1.4.1|C|T	True	1.4	True	1.4.1	False
variant	1.4.2	123384	C	T	14	C	True	1.3.2|C|T	False	1.4	True	1.3.2|1.4.2	True
variant	2.1.1	417396	A	G	15	A	True	2.1.1|A|G	True	2.1	True	2.1.1	False
variant	2.1.2	738524	C	T	16	C	True	2.1.2|C|T	True	2.1	True	2.1.2	False
variant	2.1.3	480007	C	T	17	C	True	2.1.3|C|T	True	2.1	True	2.1.3	False
variant	2.1.4	2724138	T	G	18	T	True	2.1.4|T|G	True	2.1	True	2.1.4	False
variant	2.2.1	2048415	T	A	19	T	True	2.2.1|T|A	True	2.2	True	2.2.1	False
variant	2.2.2	7075	G	A	20	G	True	2.2.2|G|A	True	2.2	True	2.2.2	False
variant	2.2.3	482779	C	T	21	C	True	2.2.3|C|T	True	2.2	True	2.2.3	False
variant	2.2.4	1109249	G	T	22	G	True	2.2.4|G|T	True	2.2	True	2.2.4	False
variant	2.2.5	1671760	G	A	23	G	True	2.2.5|G|A	True	2.2	True	2.2.5	False
variant	2.2.6	1319866	C	T	24	C	True	2.2.6|C|T	True	2.2	True	2.2.6	False
variant	2.3.1	277039	C	A	25	C	True	2.3.1|C|A	True	2.3	True	2.3.1	False
variant	2.3.2	1327555	C	T	26	C	True	2.3.2|C|T	True	2.3	True	2.3.2	False
variant	2.3.3	2235691	G	A	27	G	True	2.3.3|G|A	True	2.3	True	2.3.3	False
variant	2.5.1	2113909	C	A	28	C	True	2.5.1|C|A	True	2.5	True	2.5.1	False
variant	2.5.2	2235965	G	A	29	G	True	2.5.2|G|A	True	2.5	True	2.5.2	False
variant	2.5.3	629861	C	T	30	C	True	2.5.3|C|T	True	2.5	True	2.5.3	False
variant	2.5.4	169108	A	C	31	A	True	2.5.4|A|C	True	2.5	True	2.5.4	False
variant	2.5.5	2246114	T	C	32	T	True	2.5.5|T|C	True	2.5	True	2.5.5	False
variant	2.5.6	1733723	T	G	33	T	True	2.5.6|T|G	True	2.5	True	2.5.6	False
variant	2.5.7	1097028	C	T	34	C	True	2.5.7|C|T	True	2.5	True	2.5.7	False
variant	2.5.8	2860886	T	C	35	T	True	2.5.8|T|C	True	2.5	True	2.5.8	False
variant	2.5.9	42866	A	C	36	A	True	2.5.9|A|C	True	2.5	True	2.5.9	False
variant	2.4.10	2906145	C	T	37	C	True	2.4.10|C|T	True	2.4	False	2.4.10	False
variant	2.4.11	2089945	C	A	38	C	True	2.4.11|C|A	True	2.4	False	2.4.11	False
variant	2.4.12	299105	C	T	39	C	True	2.4.12|C|T	True	2.4	False	2.4.12	False
variant	2.4.13	976877	A	G	40	A	True	2.4.13|A|G	True	2.4	False	2.4.13	False
variant	2.4.14	2172149	G	A	41	G	True	2.4.14|G|A	True	2.4	False	2.4.14	False
variant	2.4.15	1460331	T	C	42	T	True	2.4.15|T|C	True	2.4	False	2.4.15	False
variant	2.4.16	1290543	C	T	43	C	True	2.4.16|C|T	True	2.4	False	2.4.16	False
variant	2.4.17	189843	G	T	44	G	True	2.4.17|G|T	True	2.4	False	2.4.17	False
variant	2.4.1	1041006	T	C	45	T	True	2.4.1|T|C	True	2.4	False	2.4.1	False
variant	2.4.2	745014	G	A	46	G	True	2.4.2|G|A	True	2.4	False	2.4.2	False
variant	2.4.4	351931	A	G	47	A	True	2.4.4|A|G	True	2.4	False	2.4.4	False
variant	2.4.5	2901430	G	A	48	G	True	2.4.5|G|A	True	2.4	False	2.4.5	False
variant	2.4.6	454398	C	T	49	C	True	2.4.6|C|T	True	2.4	False	2.4.6	False
variant	2.4.7	3259086	T	G	50	T	True	2.4.7|T|G	True	2.4	False	2.4.7	False
variant	2.4.9	1040967	C	A	51	C	True	2.4.9|C|A	True	2.4	False	2.4.9	False
