source_row	sample_id	severity	code	detail
5024	GCF_000580135	MEDIUM	GC_WITHOUT_LINEAGE	GC2 is known but lineage and sublineage are unresolved
5026	GCF_000580175	MEDIUM	GC_WITHOUT_LINEAGE	GC2 is known but lineage and sublineage are unresolved
5027	GCF_000580195	MEDIUM	GC_WITHOUT_LINEAGE	GC2 is known but lineage and sublineage are unresolved
5028	GCF_000580215	MEDIUM	GC_WITHOUT_LINEAGE	GC2 is known but lineage and sublineage are unresolved
5029	GCF_000580235	MEDIUM	GC_WITHOUT_LINEAGE	GC2 is known but lineage and sublineage are unresolved
5031	GCF_000580275	MEDIUM	GC_WITHOUT_LINEAGE	GC2 is known but lineage and sublineage are unresolved
5032	GCF_000580295	MEDIUM	GC_WITHOUT_LINEAGE	GC2 is known but lineage and sublineage are unresolved
5034	GCF_000580335	MEDIUM	GC_WITHOUT_LINEAGE	GC2 is known but lineage and sublineage are unresolved
5036	GCF_000580375	MEDIUM	GC_WITHOUT_LINEAGE	GC2 is known but lineage and sublineage are unresolved
5037	GCF_000580395	MEDIUM	GC_WITHOUT_LINEAGE	GC2 is known but lineage and sublineage are unresolved
5041	GCF_000580475	MEDIUM	GC_WITHOUT_LINEAGE	GC2 is known but lineage and sublineage are unresolved
5045	GCF_000580555	MEDIUM	GC_WITHOUT_LINEAGE	GC2 is known but lineage and sublineage are unresolved
5046	GCF_000580575	MEDIUM	GC_WITHOUT_LINEAGE	GC2 is known but lineage and sublineage are unresolved
5052	GCF_000580835	MEDIUM	GC_WITHOUT_LINEAGE	GC2 is known but lineage and sublineage are unresolved
5054	GCF_000580895	MEDIUM	GC_WITHOUT_LINEAGE	GC2 is known but lineage and sublineage are unresolved
5056	GCF_000580935	MEDIUM	GC_WITHOUT_LINEAGE	GC2 is known but lineage and sublineage are unresolved
5060	GCF_000581175	MEDIUM	GC_WITHOUT_LINEAGE	GC2 is known but lineage and sublineage are unresolved
5061	GCF_000581575	MEDIUM	GC_WITHOUT_LINEAGE	GC2 is known but lineage and sublineage are unresolved
5062	GCF_000581735	MEDIUM	GC_WITHOUT_LINEAGE	GC2 is known but lineage and sublineage are unresolved
5065	GCF_000581795	MEDIUM	GC_WITHOUT_LINEAGE	GC2 is known but lineage and sublineage are unresolved
5068	GCF_000581935	MEDIUM	GC_WITHOUT_LINEAGE	GC2 is known but lineage and sublineage are unresolved
5070	GCF_000582015	MEDIUM	GC_WITHOUT_LINEAGE	GC2 is known but lineage and sublineage are unresolved
5071	GCF_000582115	MEDIUM	GC_WITHOUT_LINEAGE	GC2 is known but lineage and sublineage are unresolved
5073	GCF_000582215	MEDIUM	GC_WITHOUT_LINEAGE	GC2 is known but lineage and sublineage are unresolved
5074	GCF_000582335	MEDIUM	GC_WITHOUT_LINEAGE	GC2 is known but lineage and sublineage are unresolved
5076	GCF_000582945	MEDIUM	GC_WITHOUT_LINEAGE	GC2 is known but lineage and sublineage are unresolved
5077	GCF_000583315	MEDIUM	GC_WITHOUT_LINEAGE	GC2 is known but lineage and sublineage are unresolved
5078	GCF_000583335	MEDIUM	GC_WITHOUT_LINEAGE	GC2 is known but lineage and sublineage are unresolved
5079	GCF_000583355	MEDIUM	GC_WITHOUT_LINEAGE	GC2 is known but lineage and sublineage are unresolved
5081	GCF_000583475	MEDIUM	GC_WITHOUT_LINEAGE	GC2 is known but lineage and sublineage are unresolved
5082	GCF_000583495	MEDIUM	GC_WITHOUT_LINEAGE	GC2 is known but lineage and sublineage are unresolved
5083	GCF_000583515	MEDIUM	GC_WITHOUT_LINEAGE	GC2 is known but lineage and sublineage are unresolved
5084	GCF_000584035	MEDIUM	GC_WITHOUT_LINEAGE	GC2 is known but lineage and sublineage are unresolved
5085	GCF_000584075	MEDIUM	GC_WITHOUT_LINEAGE	GC2 is known but lineage and sublineage are unresolved
5086	GCF_000584115	MEDIUM	GC_WITHOUT_LINEAGE	GC2 is known but lineage and sublineage are unresolved
5088	GCF_000584435	MEDIUM	GC_WITHOUT_LINEAGE	GC2 is known but lineage and sublineage are unresolved
5090	GCF_000584475	MEDIUM	GC_WITHOUT_LINEAGE	GC2 is known but lineage and sublineage are unresolved
5091	GCF_000584495	MEDIUM	GC_WITHOUT_LINEAGE	GC2 is known but lineage and sublineage are unresolved
5094	GCF_000584555	MEDIUM	GC_WITHOUT_LINEAGE	GC2 is known but lineage and sublineage are unresolved
5097	GCF_000584655	MEDIUM	GC_WITHOUT_LINEAGE	GC2 is known but lineage and sublineage are unresolved
5098	GCF_000584675	MEDIUM	GC_WITHOUT_LINEAGE	GC2 is known but lineage and sublineage are unresolved
5101	GCF_000584735	MEDIUM	GC_WITHOUT_LINEAGE	GC2 is known but lineage and sublineage are unresolved
5102	GCF_000584755	MEDIUM	GC_WITHOUT_LINEAGE	GC2 is known but lineage and sublineage are unresolved
5103	GCF_000584775	MEDIUM	GC_WITHOUT_LINEAGE	GC2 is known but lineage and sublineage are unresolved
5104	GCF_000584835	MEDIUM	GC_WITHOUT_LINEAGE	GC2 is known but lineage and sublineage are unresolved
5106	GCF_000584895	MEDIUM	GC_WITHOUT_LINEAGE	GC2 is known but lineage and sublineage are unresolved
5107	GCF_000587875	MEDIUM	GC_WITHOUT_LINEAGE	GC2 is known but lineage and sublineage are unresolved
5108	GCF_000587895	MEDIUM	GC_WITHOUT_LINEAGE	GC2 is known but lineage and sublineage are unresolved
5109	GCF_000587915	MEDIUM	GC_WITHOUT_LINEAGE	GC2 is known but lineage and sublineage are unresolved
5111	GCF_000587975	MEDIUM	GC_WITHOUT_LINEAGE	GC2 is known but lineage and sublineage are unresolved
5115	GCF_000588155	MEDIUM	GC_WITHOUT_LINEAGE	GC2 is known but lineage and sublineage are unresolved
5118	GCF_000588455	MEDIUM	GC_WITHOUT_LINEAGE	GC2 is known but lineage and sublineage are unresolved
5119	GCF_000588495	MEDIUM	GC_WITHOUT_LINEAGE	GC2 is known but lineage and sublineage are unresolved
5120	GCF_000588575	MEDIUM	GC_WITHOUT_LINEAGE	GC2 is known but lineage and sublineage are unresolved
5122	GCF_000588635	MEDIUM	GC_WITHOUT_LINEAGE	GC2 is known but lineage and sublineage are unresolved
5123	GCF_000588655	MEDIUM	GC_WITHOUT_LINEAGE	GC2 is known but lineage and sublineage are unresolved
5125	GCF_000588695	MEDIUM	GC_WITHOUT_LINEAGE	GC2 is known but lineage and sublineage are unresolved
5126	GCF_000588735	MEDIUM	GC_WITHOUT_LINEAGE	GC2 is known but lineage and sublineage are unresolved
5129	GCF_000588795	MEDIUM	GC_WITHOUT_LINEAGE	GC2 is known but lineage and sublineage are unresolved
5130	GCF_000588815	MEDIUM	GC_WITHOUT_LINEAGE	GC2 is known but lineage and sublineage are unresolved
5131	GCF_000588955	MEDIUM	GC_WITHOUT_LINEAGE	GC2 is known but lineage and sublineage are unresolved
5132	GCF_000588975	MEDIUM	GC_WITHOUT_LINEAGE	GC2 is known but lineage and sublineage are unresolved
5133	GCF_000588995	MEDIUM	GC_WITHOUT_LINEAGE	GC2 is known but lineage and sublineage are unresolved
5134	GCF_000589015	MEDIUM	GC_WITHOUT_LINEAGE	GC2 is known but lineage and sublineage are unresolved
5135	GCF_000589035	MEDIUM	GC_WITHOUT_LINEAGE	GC2 is known but lineage and sublineage are unresolved
5136	GCF_000589055	MEDIUM	GC_WITHOUT_LINEAGE	GC2 is known but lineage and sublineage are unresolved
5137	GCF_000589195	MEDIUM	GC_WITHOUT_LINEAGE	GC2 is known but lineage and sublineage are unresolved
5138	GCF_000589475	MEDIUM	GC_WITHOUT_LINEAGE	GC2 is known but lineage and sublineage are unresolved
5139	GCF_000589495	MEDIUM	GC_WITHOUT_LINEAGE	GC2 is known but lineage and sublineage are unresolved
5140	GCF_000611045	MEDIUM	GC_WITHOUT_LINEAGE	GC2 is known but lineage and sublineage are unresolved
5141	GCF_000611065	MEDIUM	GC_WITHOUT_LINEAGE	GC2 is known but lineage and sublineage are unresolved
5142	GCF_000611085	MEDIUM	GC_WITHOUT_LINEAGE	GC2 is known but lineage and sublineage are unresolved
5143	GCF_000611105	MEDIUM	GC_WITHOUT_LINEAGE	GC2 is known but lineage and sublineage are unresolved
5144	GCF_000611165	MEDIUM	GC_WITHOUT_LINEAGE	GC2 is known but lineage and sublineage are unresolved
5145	GCF_000611185	MEDIUM	GC_WITHOUT_LINEAGE	GC2 is known but lineage and sublineage are unresolved
5146	GCF_000611545	MEDIUM	GC_WITHOUT_LINEAGE	GC2 is known but lineage and sublineage are unresolved
5147	GCF_000611565	MEDIUM	GC_WITHOUT_LINEAGE	GC2 is known but lineage and sublineage are unresolved
5148	GCF_000627395	MEDIUM	GC_WITHOUT_LINEAGE	GC2 is known but lineage and sublineage are unresolved
5149	GCF_000671435	MEDIUM	GC_WITHOUT_LINEAGE	GC2 is known but lineage and sublineage are unresolved
5151	GCF_000681595	MEDIUM	GC_WITHOUT_LINEAGE	GC2 is known but lineage and sublineage are unresolved
5153	GCF_000681695	MEDIUM	GC_WITHOUT_LINEAGE	GC2 is known but lineage and sublineage are unresolved
5154	GCF_000681835	MEDIUM	GC_WITHOUT_LINEAGE	GC2 is known but lineage and sublineage are unresolved
5155	GCF_000681855	MEDIUM	GC_WITHOUT_LINEAGE	GC2 is known but lineage and sublineage are unresolved
5156	GCF_000682175	MEDIUM	GC_WITHOUT_LINEAGE	GC2 is known but lineage and sublineage are unresolved
5157	GCF_000682235	MEDIUM	GC_WITHOUT_LINEAGE	GC2 is known but lineage and sublineage are unresolved
5159	GCF_000682395	MEDIUM	GC_WITHOUT_LINEAGE	GC2 is known but lineage and sublineage are unresolved
5162	GCF_000682455	MEDIUM	GC_WITHOUT_LINEAGE	GC2 is known but lineage and sublineage are unresolved
5164	GCF_000682495	MEDIUM	GC_WITHOUT_LINEAGE	GC2 is known but lineage and sublineage are unresolved
5166	GCF_000682535	MEDIUM	GC_WITHOUT_LINEAGE	GC2 is known but lineage and sublineage are unresolved
5167	GCF_000682655	MEDIUM	GC_WITHOUT_LINEAGE	GC2 is known but lineage and sublineage are unresolved
5226	GCF_000581235	MEDIUM	GC_WITHOUT_LINEAGE	GC2 is known but lineage and sublineage are unresolved
5227	GCF_000581515	MEDIUM	GC_WITHOUT_LINEAGE	GC2 is known but lineage and sublineage are unresolved
5228	GCF_000581535	MEDIUM	GC_WITHOUT_LINEAGE	GC2 is known but lineage and sublineage are unresolved
5234	GCF_000583235	MEDIUM	GC_WITHOUT_LINEAGE	GC2 is known but lineage and sublineage are unresolved
5235	GCF_000583435	MEDIUM	GC_WITHOUT_LINEAGE	GC2 is known but lineage and sublineage are unresolved
5236	GCF_000583535	MEDIUM	GC_WITHOUT_LINEAGE	GC2 is known but lineage and sublineage are unresolved
5237	GCF_000583555	MEDIUM	GC_WITHOUT_LINEAGE	GC2 is known but lineage and sublineage are unresolved
5238	GCF_000583575	MEDIUM	GC_WITHOUT_LINEAGE	GC2 is known but lineage and sublineage are unresolved
5239	GCF_000583595	MEDIUM	GC_WITHOUT_LINEAGE	GC2 is known but lineage and sublineage are unresolved
5242	GCF_000584395	MEDIUM	GC_WITHOUT_LINEAGE	GC2 is known but lineage and sublineage are unresolved
5243	GCF_000584875	MEDIUM	GC_WITHOUT_LINEAGE	GC2 is known but lineage and sublineage are unresolved
5244	GCF_000588055	MEDIUM	GC_WITHOUT_LINEAGE	GC2 is known but lineage and sublineage are unresolved
5246	GCF_000588435	MEDIUM	GC_WITHOUT_LINEAGE	GC2 is known but lineage and sublineage are unresolved
5248	GCF_000588895	MEDIUM	GC_WITHOUT_LINEAGE	GC2 is known but lineage and sublineage are unresolved
5249	GCF_000588915	MEDIUM	GC_WITHOUT_LINEAGE	GC2 is known but lineage and sublineage are unresolved
5250	GCF_000588935	MEDIUM	GC_WITHOUT_LINEAGE	GC2 is known but lineage and sublineage are unresolved
5251	GCF_000589075	MEDIUM	GC_WITHOUT_LINEAGE	GC2 is known but lineage and sublineage are unresolved
5252	GCF_000589095	MEDIUM	GC_WITHOUT_LINEAGE	GC2 is known but lineage and sublineage are unresolved
5253	GCF_000589275	MEDIUM	GC_WITHOUT_LINEAGE	GC2 is known but lineage and sublineage are unresolved
5254	GCF_000589295	MEDIUM	GC_WITHOUT_LINEAGE	GC2 is known but lineage and sublineage are unresolved
5255	GCF_000589315	MEDIUM	GC_WITHOUT_LINEAGE	GC2 is known but lineage and sublineage are unresolved
5256	GCF_000589355	MEDIUM	GC_WITHOUT_LINEAGE	GC2 is known but lineage and sublineage are unresolved
5257	GCF_000589375	MEDIUM	GC_WITHOUT_LINEAGE	GC2 is known but lineage and sublineage are unresolved
5258	GCF_000589395	MEDIUM	GC_WITHOUT_LINEAGE	GC2 is known but lineage and sublineage are unresolved
5259	GCF_000589415	MEDIUM	GC_WITHOUT_LINEAGE	GC2 is known but lineage and sublineage are unresolved
5260	GCF_000589435	MEDIUM	GC_WITHOUT_LINEAGE	GC2 is known but lineage and sublineage are unresolved
5261	GCF_000589455	MEDIUM	GC_WITHOUT_LINEAGE	GC2 is known but lineage and sublineage are unresolved
5262	GCF_000589515	MEDIUM	GC_WITHOUT_LINEAGE	GC2 is known but lineage and sublineage are unresolved
5263	GCF_000589535	MEDIUM	GC_WITHOUT_LINEAGE	GC2 is known but lineage and sublineage are unresolved
5264	GCF_000589555	MEDIUM	GC_WITHOUT_LINEAGE	GC2 is known but lineage and sublineage are unresolved
5265	GCF_000589575	MEDIUM	GC_WITHOUT_LINEAGE	GC2 is known but lineage and sublineage are unresolved
5266	GCF_000589595	MEDIUM	GC_WITHOUT_LINEAGE	GC2 is known but lineage and sublineage are unresolved
5267	GCF_000589615	MEDIUM	GC_WITHOUT_LINEAGE	GC2 is known but lineage and sublineage are unresolved
5268	GCF_000589635	MEDIUM	GC_WITHOUT_LINEAGE	GC2 is known but lineage and sublineage are unresolved
5269	GCF_000589655	MEDIUM	GC_WITHOUT_LINEAGE	GC2 is known but lineage and sublineage are unresolved
5270	GCF_000589675	MEDIUM	GC_WITHOUT_LINEAGE	GC2 is known but lineage and sublineage are unresolved
5271	GCF_000589695	MEDIUM	GC_WITHOUT_LINEAGE	GC2 is known but lineage and sublineage are unresolved
5272	GCF_000589715	MEDIUM	GC_WITHOUT_LINEAGE	GC2 is known but lineage and sublineage are unresolved
5273	GCF_000589735	MEDIUM	GC_WITHOUT_LINEAGE	GC2 is known but lineage and sublineage are unresolved
5274	GCF_000589755	MEDIUM	GC_WITHOUT_LINEAGE	GC2 is known but lineage and sublineage are unresolved
5275	GCF_000589775	MEDIUM	GC_WITHOUT_LINEAGE	GC2 is known but lineage and sublineage are unresolved
5276	GCF_000589795	MEDIUM	GC_WITHOUT_LINEAGE	GC2 is known but lineage and sublineage are unresolved
5277	GCF_000589815	MEDIUM	GC_WITHOUT_LINEAGE	GC2 is known but lineage and sublineage are unresolved
5278	GCF_000589835	MEDIUM	GC_WITHOUT_LINEAGE	GC2 is known but lineage and sublineage are unresolved
5279	GCF_000591575	MEDIUM	GC_WITHOUT_LINEAGE	GC2 is known but lineage and sublineage are unresolved
5280	GCF_000591595	MEDIUM	GC_WITHOUT_LINEAGE	GC2 is known but lineage and sublineage are unresolved
5281	GCF_000591615	MEDIUM	GC_WITHOUT_LINEAGE	GC2 is known but lineage and sublineage are unresolved
5282	GCF_000591635	MEDIUM	GC_WITHOUT_LINEAGE	GC2 is known but lineage and sublineage are unresolved
5283	GCF_000591655	MEDIUM	GC_WITHOUT_LINEAGE	GC2 is known but lineage and sublineage are unresolved
5284	GCF_000591675	MEDIUM	GC_WITHOUT_LINEAGE	GC2 is known but lineage and sublineage are unresolved
5285	GCF_000591695	MEDIUM	GC_WITHOUT_LINEAGE	GC2 is known but lineage and sublineage are unresolved
5286	GCF_000591715	MEDIUM	GC_WITHOUT_LINEAGE	GC2 is known but lineage and sublineage are unresolved
5287	GCF_000591735	MEDIUM	GC_WITHOUT_LINEAGE	GC2 is known but lineage and sublineage are unresolved
5288	GCF_000591755	MEDIUM	GC_WITHOUT_LINEAGE	GC2 is known but lineage and sublineage are unresolved
5289	GCF_000591775	MEDIUM	GC_WITHOUT_LINEAGE	GC2 is known but lineage and sublineage are unresolved
5290	GCF_000591795	MEDIUM	GC_WITHOUT_LINEAGE	GC2 is known but lineage and sublineage are unresolved
5291	GCF_000591815	MEDIUM	GC_WITHOUT_LINEAGE	GC2 is known but lineage and sublineage are unresolved
5292	GCF_000591835	MEDIUM	GC_WITHOUT_LINEAGE	GC2 is known but lineage and sublineage are unresolved
5293	GCF_000591855	MEDIUM	GC_WITHOUT_LINEAGE	GC2 is known but lineage and sublineage are unresolved
5294	GCF_000591875	MEDIUM	GC_WITHOUT_LINEAGE	GC2 is known but lineage and sublineage are unresolved
5295	GCF_000591895	MEDIUM	GC_WITHOUT_LINEAGE	GC2 is known but lineage and sublineage are unresolved
5296	GCF_000591915	MEDIUM	GC_WITHOUT_LINEAGE	GC2 is known but lineage and sublineage are unresolved
5297	GCF_000591935	MEDIUM	GC_WITHOUT_LINEAGE	GC2 is known but lineage and sublineage are unresolved
5298	GCF_000591955	MEDIUM	GC_WITHOUT_LINEAGE	GC2 is known but lineage and sublineage are unresolved
5299	GCF_000591975	MEDIUM	GC_WITHOUT_LINEAGE	GC2 is known but lineage and sublineage are unresolved
5300	GCF_000591995	MEDIUM	GC_WITHOUT_LINEAGE	GC2 is known but lineage and sublineage are unresolved
5301	GCF_000592015	MEDIUM	GC_WITHOUT_LINEAGE	GC2 is known but lineage and sublineage are unresolved
5302	GCF_000592035	MEDIUM	GC_WITHOUT_LINEAGE	GC2 is known but lineage and sublineage are unresolved
5303	GCF_000592055	MEDIUM	GC_WITHOUT_LINEAGE	GC2 is known but lineage and sublineage are unresolved
5304	GCF_000592075	MEDIUM	GC_WITHOUT_LINEAGE	GC2 is known but lineage and sublineage are unresolved
5305	GCF_000592095	MEDIUM	GC_WITHOUT_LINEAGE	GC2 is known but lineage and sublineage are unresolved
5306	GCF_000592115	MEDIUM	GC_WITHOUT_LINEAGE	GC2 is known but lineage and sublineage are unresolved
5307	GCF_000592135	MEDIUM	GC_WITHOUT_LINEAGE	GC2 is known but lineage and sublineage are unresolved
5308	GCF_000592155	MEDIUM	GC_WITHOUT_LINEAGE	GC2 is known but lineage and sublineage are unresolved
5309	GCF_000592175	MEDIUM	GC_WITHOUT_LINEAGE	GC2 is known but lineage and sublineage are unresolved
5310	GCF_000592195	MEDIUM	GC_WITHOUT_LINEAGE	GC2 is known but lineage and sublineage are unresolved
5311	GCF_000592215	MEDIUM	GC_WITHOUT_LINEAGE	GC2 is known but lineage and sublineage are unresolved
5312	GCF_000592235	MEDIUM	GC_WITHOUT_LINEAGE	GC2 is known but lineage and sublineage are unresolved
5313	GCF_000592255	MEDIUM	GC_WITHOUT_LINEAGE	GC2 is known but lineage and sublineage are unresolved
5314	GCF_000592275	MEDIUM	GC_WITHOUT_LINEAGE	GC2 is known but lineage and sublineage are unresolved
5315	GCF_000592295	MEDIUM	GC_WITHOUT_LINEAGE	GC2 is known but lineage and sublineage are unresolved
5316	GCF_000592315	MEDIUM	GC_WITHOUT_LINEAGE	GC2 is known but lineage and sublineage are unresolved
5317	GCF_000592335	MEDIUM	GC_WITHOUT_LINEAGE	GC2 is known but lineage and sublineage are unresolved
5318	GCF_000592355	MEDIUM	GC_WITHOUT_LINEAGE	GC2 is known but lineage and sublineage are unresolved
5319	GCF_000592375	MEDIUM	GC_WITHOUT_LINEAGE	GC2 is known but lineage and sublineage are unresolved
5320	GCF_000592395	MEDIUM	GC_WITHOUT_LINEAGE	GC2 is known but lineage and sublineage are unresolved
5321	GCF_000592415	MEDIUM	GC_WITHOUT_LINEAGE	GC2 is known but lineage and sublineage are unresolved
5322	GCF_000592435	MEDIUM	GC_WITHOUT_LINEAGE	GC2 is known but lineage and sublineage are unresolved
5323	GCF_000592455	MEDIUM	GC_WITHOUT_LINEAGE	GC2 is known but lineage and sublineage are unresolved
5324	GCF_000592475	MEDIUM	GC_WITHOUT_LINEAGE	GC2 is known but lineage and sublineage are unresolved
5325	GCF_000592495	MEDIUM	GC_WITHOUT_LINEAGE	GC2 is known but lineage and sublineage are unresolved
5326	GCF_000592515	MEDIUM	GC_WITHOUT_LINEAGE	GC2 is known but lineage and sublineage are unresolved
5327	GCF_000592535	MEDIUM	GC_WITHOUT_LINEAGE	GC2 is known but lineage and sublineage are unresolved
5328	GCF_000592555	MEDIUM	GC_WITHOUT_LINEAGE	GC2 is known but lineage and sublineage are unresolved
5329	GCF_000592575	MEDIUM	GC_WITHOUT_LINEAGE	GC2 is known but lineage and sublineage are unresolved
5330	GCF_000592595	MEDIUM	GC_WITHOUT_LINEAGE	GC2 is known but lineage and sublineage are unresolved
5331	GCF_000592615	MEDIUM	GC_WITHOUT_LINEAGE	GC2 is known but lineage and sublineage are unresolved
5332	GCF_000592635	MEDIUM	GC_WITHOUT_LINEAGE	GC2 is known but lineage and sublineage are unresolved
5333	GCF_000592655	MEDIUM	GC_WITHOUT_LINEAGE	GC2 is known but lineage and sublineage are unresolved
5334	GCF_000592675	MEDIUM	GC_WITHOUT_LINEAGE	GC2 is known but lineage and sublineage are unresolved
5335	GCF_000592695	MEDIUM	GC_WITHOUT_LINEAGE	GC2 is known but lineage and sublineage are unresolved
5336	GCF_000592715	MEDIUM	GC_WITHOUT_LINEAGE	GC2 is known but lineage and sublineage are unresolved
5337	GCF_000592735	MEDIUM	GC_WITHOUT_LINEAGE	GC2 is known but lineage and sublineage are unresolved
5338	GCF_000592755	MEDIUM	GC_WITHOUT_LINEAGE	GC2 is known but lineage and sublineage are unresolved
5339	GCF_000600375	MEDIUM	GC_WITHOUT_LINEAGE	GC2 is known but lineage and sublineage are unresolved
5340	GCF_000600395	MEDIUM	GC_WITHOUT_LINEAGE	GC2 is known but lineage and sublineage are unresolved
5341	GCF_000600415	MEDIUM	GC_WITHOUT_LINEAGE	GC2 is known but lineage and sublineage are unresolved
5342	GCF_000600435	MEDIUM	GC_WITHOUT_LINEAGE	GC2 is known but lineage and sublineage are unresolved
5343	GCF_000600455	MEDIUM	GC_WITHOUT_LINEAGE	GC2 is known but lineage and sublineage are unresolved
5344	GCF_000600475	MEDIUM	GC_WITHOUT_LINEAGE	GC2 is known but lineage and sublineage are unresolved
5345	GCF_000600495	MEDIUM	GC_WITHOUT_LINEAGE	GC2 is known but lineage and sublineage are unresolved
5346	GCF_000600515	MEDIUM	GC_WITHOUT_LINEAGE	GC2 is known but lineage and sublineage are unresolved
5347	GCF_000600535	MEDIUM	GC_WITHOUT_LINEAGE	GC2 is known but lineage and sublineage are unresolved
5348	GCF_000600555	MEDIUM	GC_WITHOUT_LINEAGE	GC2 is known but lineage and sublineage are unresolved
5349	GCF_000600575	MEDIUM	GC_WITHOUT_LINEAGE	GC2 is known but lineage and sublineage are unresolved
5350	GCF_000600595	MEDIUM	GC_WITHOUT_LINEAGE	GC2 is known but lineage and sublineage are unresolved
5351	GCF_000600615	MEDIUM	GC_WITHOUT_LINEAGE	GC2 is known but lineage and sublineage are unresolved
5352	GCF_000600635	MEDIUM	GC_WITHOUT_LINEAGE	GC2 is known but lineage and sublineage are unresolved
5353	GCF_000600655	MEDIUM	GC_WITHOUT_LINEAGE	GC2 is known but lineage and sublineage are unresolved
5354	GCF_000600675	MEDIUM	GC_WITHOUT_LINEAGE	GC2 is known but lineage and sublineage are unresolved
5355	GCF_000600695	MEDIUM	GC_WITHOUT_LINEAGE	GC2 is known but lineage and sublineage are unresolved
5356	GCF_000600715	MEDIUM	GC_WITHOUT_LINEAGE	GC2 is known but lineage and sublineage are unresolved
5366	GCF_000600915	MEDIUM	GC_WITHOUT_LINEAGE	GC2 is known but lineage and sublineage are unresolved
5367	GCF_000600935	MEDIUM	GC_WITHOUT_LINEAGE	GC2 is known but lineage and sublineage are unresolved
5371	GCF_000611265	MEDIUM	GC_WITHOUT_LINEAGE	GC2 is known but lineage and sublineage are unresolved
5372	GCF_000611325	MEDIUM	GC_WITHOUT_LINEAGE	GC2 is known but lineage and sublineage are unresolved
5373	GCF_000611345	MEDIUM	GC_WITHOUT_LINEAGE	GC2 is known but lineage and sublineage are unresolved
5376	GCF_000611405	MEDIUM	GC_WITHOUT_LINEAGE	GC2 is known but lineage and sublineage are unresolved
5377	GCF_000611425	MEDIUM	GC_WITHOUT_LINEAGE	GC2 is known but lineage and sublineage are unresolved
5378	GCF_000611445	MEDIUM	GC_WITHOUT_LINEAGE	GC2 is known but lineage and sublineage are unresolved
5380	GCF_000611525	MEDIUM	GC_WITHOUT_LINEAGE	GC2 is known but lineage and sublineage are unresolved
5381	GCF_000627335	MEDIUM	GC_WITHOUT_LINEAGE	GC2 is known but lineage and sublineage are unresolved
5382	GCF_000627355	MEDIUM	GC_WITHOUT_LINEAGE	GC2 is known but lineage and sublineage are unresolved
5383	GCF_000627375	MEDIUM	GC_WITHOUT_LINEAGE	GC2 is known but lineage and sublineage are unresolved
5384	GCF_000627415	MEDIUM	GC_WITHOUT_LINEAGE	GC2 is known but lineage and sublineage are unresolved
5385	GCF_000627495	MEDIUM	GC_WITHOUT_LINEAGE	GC2 is known but lineage and sublineage are unresolved
5386	GCF_000627515	MEDIUM	GC_WITHOUT_LINEAGE	GC2 is known but lineage and sublineage are unresolved
5387	GCF_000627535	MEDIUM	GC_WITHOUT_LINEAGE	GC2 is known but lineage and sublineage are unresolved
5388	GCF_000627555	MEDIUM	GC_WITHOUT_LINEAGE	GC2 is known but lineage and sublineage are unresolved
5389	GCF_000627575	MEDIUM	GC_WITHOUT_LINEAGE	GC2 is known but lineage and sublineage are unresolved
5390	GCF_000627595	MEDIUM	GC_WITHOUT_LINEAGE	GC2 is known but lineage and sublineage are unresolved
5391	GCF_000627615	MEDIUM	GC_WITHOUT_LINEAGE	GC2 is known but lineage and sublineage are unresolved
5394	GCF_000627675	MEDIUM	GC_WITHOUT_LINEAGE	GC2 is known but lineage and sublineage are unresolved
5395	GCF_000627695	MEDIUM	GC_WITHOUT_LINEAGE	GC2 is known but lineage and sublineage are unresolved
5396	GCF_000627715	MEDIUM	GC_WITHOUT_LINEAGE	GC2 is known but lineage and sublineage are unresolved
5397	GCF_000627735	MEDIUM	GC_WITHOUT_LINEAGE	GC2 is known but lineage and sublineage are unresolved
5399	GCF_000671495	MEDIUM	GC_WITHOUT_LINEAGE	GC2 is known but lineage and sublineage are unresolved
5400	GCF_000671515	MEDIUM	GC_WITHOUT_LINEAGE	GC2 is known but lineage and sublineage are unresolved
5401	GCF_000671535	MEDIUM	GC_WITHOUT_LINEAGE	GC2 is known but lineage and sublineage are unresolved
5402	GCF_000671555	MEDIUM	GC_WITHOUT_LINEAGE	GC2 is known but lineage and sublineage are unresolved
5403	GCF_000671575	MEDIUM	GC_WITHOUT_LINEAGE	GC2 is known but lineage and sublineage are unresolved
5404	GCF_000671655	MEDIUM	GC_WITHOUT_LINEAGE	GC2 is known but lineage and sublineage are unresolved
5407	GCF_000681655	MEDIUM	GC_WITHOUT_LINEAGE	GC2 is known but lineage and sublineage are unresolved
5408	GCF_000681675	MEDIUM	GC_WITHOUT_LINEAGE	GC2 is known but lineage and sublineage are unresolved
5409	GCF_000681915	MEDIUM	GC_WITHOUT_LINEAGE	GC2 is known but lineage and sublineage are unresolved
5410	GCF_000681935	MEDIUM	GC_WITHOUT_LINEAGE	GC2 is known but lineage and sublineage are unresolved
5411	GCF_000681955	MEDIUM	GC_WITHOUT_LINEAGE	GC2 is known but lineage and sublineage are unresolved
5412	GCF_000681975	MEDIUM	GC_WITHOUT_LINEAGE	GC2 is known but lineage and sublineage are unresolved
5413	GCF_000681995	MEDIUM	GC_WITHOUT_LINEAGE	GC2 is known but lineage and sublineage are unresolved
5417	GCF_000682115	MEDIUM	GC_WITHOUT_LINEAGE	GC2 is known but lineage and sublineage are unresolved
5418	GCF_000682135	MEDIUM	GC_WITHOUT_LINEAGE	GC2 is known but lineage and sublineage are unresolved
5419	GCF_000682555	MEDIUM	GC_WITHOUT_LINEAGE	GC2 is known but lineage and sublineage are unresolved
5420	GCF_000682575	MEDIUM	GC_WITHOUT_LINEAGE	GC2 is known but lineage and sublineage are unresolved
5524	GCF_000580735	MEDIUM	GC_WITHOUT_LINEAGE	GC2 is known but lineage and sublineage are unresolved
5527	GCF_000581015	MEDIUM	GC_WITHOUT_LINEAGE	GC2 is known but lineage and sublineage are unresolved
5532	GCF_000581335	MEDIUM	GC_WITHOUT_LINEAGE	GC2 is known but lineage and sublineage are unresolved
5533	GCF_000581355	MEDIUM	GC_WITHOUT_LINEAGE	GC2 is known but lineage and sublineage are unresolved
5534	GCF_000581375	MEDIUM	GC_WITHOUT_LINEAGE	GC2 is known but lineage and sublineage are unresolved
5535	GCF_000581395	MEDIUM	GC_WITHOUT_LINEAGE	GC2 is known but lineage and sublineage are unresolved
5536	GCF_000581415	MEDIUM	GC_WITHOUT_LINEAGE	GC2 is known but lineage and sublineage are unresolved
5538	GCF_000581455	MEDIUM	GC_WITHOUT_LINEAGE	GC2 is known but lineage and sublineage are unresolved
5540	GCF_000581495	MEDIUM	GC_WITHOUT_LINEAGE	GC2 is known but lineage and sublineage are unresolved
5542	GCF_000581615	MEDIUM	GC_WITHOUT_LINEAGE	GC2 is known but lineage and sublineage are unresolved
5543	GCF_000581635	MEDIUM	GC_WITHOUT_LINEAGE	GC2 is known but lineage and sublineage are unresolved
5544	GCF_000581655	MEDIUM	GC_WITHOUT_LINEAGE	GC2 is known but lineage and sublineage are unresolved
5545	GCF_000581675	MEDIUM	GC_WITHOUT_LINEAGE	GC2 is known but lineage and sublineage are unresolved
5546	GCF_000581695	MEDIUM	GC_WITHOUT_LINEAGE	GC2 is known but lineage and sublineage are unresolved
5547	GCF_000581815	MEDIUM	GC_WITHOUT_LINEAGE	GC2 is known but lineage and sublineage are unresolved
5553	GCF_000583255	MEDIUM	GC_WITHOUT_LINEAGE	GC2 is known but lineage and sublineage are unresolved
5555	GCF_000583295	MEDIUM	GC_WITHOUT_LINEAGE	GC2 is known but lineage and sublineage are unresolved
5557	GCF_000583455	MEDIUM	GC_WITHOUT_LINEAGE	GC2 is known but lineage and sublineage are unresolved
5558	GCF_000584055	MEDIUM	GC_WITHOUT_LINEAGE	GC2 is known but lineage and sublineage are unresolved
5560	GCF_000584135	MEDIUM	GC_WITHOUT_LINEAGE	GC2 is known but lineage and sublineage are unresolved
5561	GCF_000584155	MEDIUM	GC_WITHOUT_LINEAGE	GC2 is known but lineage and sublineage are unresolved
5562	GCF_000584175	MEDIUM	GC_WITHOUT_LINEAGE	GC2 is known but lineage and sublineage are unresolved
5563	GCF_000584195	MEDIUM	GC_WITHOUT_LINEAGE	GC2 is known but lineage and sublineage are unresolved
5564	GCF_000584235	MEDIUM	GC_WITHOUT_LINEAGE	GC2 is known but lineage and sublineage are unresolved
5568	GCF_000587935	MEDIUM	GC_WITHOUT_LINEAGE	GC2 is known but lineage and sublineage are unresolved
5570	GCF_000588175	MEDIUM	GC_WITHOUT_LINEAGE	GC2 is known but lineage and sublineage are unresolved
5571	GCF_000588215	MEDIUM	GC_WITHOUT_LINEAGE	GC2 is known but lineage and sublineage are unresolved
5573	GCF_000588295	MEDIUM	GC_WITHOUT_LINEAGE	GC2 is known but lineage and sublineage are unresolved
5574	GCF_000588315	MEDIUM	GC_WITHOUT_LINEAGE	GC2 is known but lineage and sublineage are unresolved
5575	GCF_000588375	MEDIUM	GC_WITHOUT_LINEAGE	GC2 is known but lineage and sublineage are unresolved
5576	GCF_000588555	MEDIUM	GC_WITHOUT_LINEAGE	GC2 is known but lineage and sublineage are unresolved
5580	GCF_000611505	MEDIUM	GC_WITHOUT_LINEAGE	GC2 is known but lineage and sublineage are unresolved
5588	GCF_000681735	MEDIUM	GC_WITHOUT_LINEAGE	GC2 is known but lineage and sublineage are unresolved
5592	GCF_000681875	MEDIUM	GC_WITHOUT_LINEAGE	GC2 is known but lineage and sublineage are unresolved
5593	GCF_000681895	MEDIUM	GC_WITHOUT_LINEAGE	GC2 is known but lineage and sublineage are unresolved
5595	GCF_000682075	MEDIUM	GC_WITHOUT_LINEAGE	GC2 is known but lineage and sublineage are unresolved
5601	GCF_000682595	MEDIUM	GC_WITHOUT_LINEAGE	GC2 is known but lineage and sublineage are unresolved
6575	ERR3567623	MEDIUM	GC_WITHOUT_LINEAGE	GC2 is known but lineage and sublineage are unresolved
6846	ERR4045402	MEDIUM	GC_WITHOUT_LINEAGE	GC2 is known but lineage and sublineage are unresolved
