node	parent	level	position	ref	alt	homoplasy	sensitivity	specificity	weight	marker_set	status
1.1	GC1	lineage	29867	G	T	1	1.00000000	1.00000000	1.0	CANONICAL	ACTIVE
1.1	GC1	lineage	82811	T	G	1	1.00000000	1.00000000	1.0	CANONICAL	ACTIVE
1.1	GC1	lineage	143916	C	T	1	1.00000000	1.00000000	1.0	CANONICAL	ACTIVE
1.1	GC1	lineage	199125	C	T	1	1.00000000	1.00000000	1.0	CANONICAL	ACTIVE
1.1	GC1	lineage	264371	C	T	1	1.00000000	1.00000000	1.0	CANONICAL	ACTIVE
1.2	GC1	lineage	266654	A	G	1	1.00000000	1.00000000	1.0	CANONICAL	ACTIVE
1.2	GC1	lineage	466699	C	T	1	1.00000000	1.00000000	1.0	CANONICAL	ACTIVE
1.2	GC1	lineage	566885	T	C	1	1.00000000	1.00000000	1.0	CANONICAL	ACTIVE
1.2	GC1	lineage	662839	A	T	1	1.00000000	1.00000000	1.0	CANONICAL	ACTIVE
1.2	GC1	lineage	1761833	C	T	1	1.00000000	1.00000000	1.0	CANONICAL	ACTIVE
1.3	GC1	lineage	1417459	C	T	1	1.00000000	1.00000000	1.0	CANONICAL	ACTIVE
1.3	GC1	lineage	1568329	T	C	1	1.00000000	1.00000000	1.0	CANONICAL	ACTIVE
1.3	GC1	lineage	1629367	C	T	1	1.00000000	1.00000000	1.0	CANONICAL	ACTIVE
1.3	GC1	lineage	2265644	G	A	1	1.00000000	1.00000000	1.0	CANONICAL	ACTIVE
1.3	GC1	lineage	2857482	T	C	1	1.00000000	1.00000000	1.0	CANONICAL	ACTIVE
1.4	GC1	lineage	2262035	C	T	2	0.99880383	1.00000000	1.0	CANONICAL	ACTIVE
2.1	GC2	lineage	1037930	C	A	1	1.00000000	1.00000000	1.0	CANONICAL	ACTIVE
2.1	GC2	lineage	1439763	T	C	1	1.00000000	1.00000000	1.0	CANONICAL	ACTIVE
2.1	GC2	lineage	1622545	C	T	1	1.00000000	1.00000000	1.0	CANONICAL	ACTIVE
2.1	GC2	lineage	2201919	T	C	1	1.00000000	1.00000000	1.0	CANONICAL	ACTIVE
2.1	GC2	lineage	2407654	G	A	1	1.00000000	1.00000000	1.0	CANONICAL	ACTIVE
2.5	GC2	lineage	1255436	A	G	1	1.00000000	1.00000000	1.0	CANONICAL	ACTIVE
2.5	GC2	lineage	2086070	T	C	2	0.99917127	1.00000000	1.0	CANONICAL	ACTIVE
2.5	GC2	lineage	2340243	T	A	1	1.00000000	1.00000000	1.0	CANONICAL	ACTIVE
2.5	GC2	lineage	3143191	A	T	1	1.00000000	1.00000000	1.0	CANONICAL	ACTIVE
2.5	GC2	lineage	3212355	G	A	3	0.99944751	1.00000000	1.0	CANONICAL	ACTIVE
1.1.1	1.1	sublineage	5385	C	T	1	1.00000000	1.00000000	1.0	CANONICAL	ACTIVE
1.1.1	1.1	sublineage	66575	C	T	1	1.00000000	1.00000000	1.0	CANONICAL	ACTIVE
1.1.1	1.1	sublineage	117102	G	A	1	1.00000000	1.00000000	1.0	CANONICAL	ACTIVE
1.1.1	1.1	sublineage	260363	T	A	1	1.00000000	1.00000000	1.0	CANONICAL	ACTIVE
1.1.1	1.1	sublineage	382688	T	A	1	1.00000000	1.00000000	1.0	CANONICAL	ACTIVE
1.1.2	1.1	sublineage	75153	G	A	1	1.00000000	1.00000000	1.0	CANONICAL	ACTIVE
1.1.2	1.1	sublineage	209265	A	C	1	1.00000000	1.00000000	1.0	CANONICAL	ACTIVE
1.1.2	1.1	sublineage	279500	C	T	1	1.00000000	1.00000000	1.0	CANONICAL	ACTIVE
1.1.2	1.1	sublineage	436340	G	A	1	1.00000000	1.00000000	1.0	CANONICAL	ACTIVE
1.1.2	1.1	sublineage	513819	C	T	1	1.00000000	1.00000000	1.0	CANONICAL	ACTIVE
1.2.1	1.2	sublineage	266654	A	G	1	1.00000000	1.00000000	1.0	CANONICAL	ACTIVE
1.2.1	1.2	sublineage	466699	C	T	1	1.00000000	1.00000000	1.0	CANONICAL	ACTIVE
1.2.1	1.2	sublineage	566885	T	C	1	1.00000000	1.00000000	1.0	CANONICAL	ACTIVE
1.2.1	1.2	sublineage	662839	A	T	1	1.00000000	1.00000000	1.0	CANONICAL	ACTIVE
1.2.1	1.2	sublineage	1761833	C	T	1	1.00000000	1.00000000	1.0	CANONICAL	ACTIVE
1.3.1	1.3	sublineage	2028825	T	A	1	1.00000000	1.00000000	1.0	CANONICAL	ACTIVE
1.3.1	1.3	sublineage	2086643	C	T	1	1.00000000	1.00000000	1.0	CANONICAL	ACTIVE
1.3.1	1.3	sublineage	2193999	T	C	1	1.00000000	1.00000000	1.0	CANONICAL	ACTIVE
1.3.1	1.3	sublineage	2264429	T	C	1	1.00000000	1.00000000	1.0	CANONICAL	ACTIVE
1.3.1	1.3	sublineage	2347477	T	C	1	1.00000000	1.00000000	1.0	CANONICAL	ACTIVE
1.3.2	1.3	sublineage	2312839	G	T	1	1.00000000	1.00000000	1.0	CANONICAL	ACTIVE
1.4.1	1.4	sublineage	1200356	G	A	1	1.00000000	1.00000000	1.0	CANONICAL	ACTIVE
1.4.1	1.4	sublineage	1306026	C	T	1	1.00000000	1.00000000	1.0	CANONICAL	ACTIVE
1.4.1	1.4	sublineage	1670644	G	T	1	1.00000000	1.00000000	1.0	CANONICAL	ACTIVE
1.4.1	1.4	sublineage	1749077	C	T	1	1.00000000	1.00000000	1.0	CANONICAL	ACTIVE
1.4.1	1.4	sublineage	2096197	C	T	1	1.00000000	1.00000000	1.0	CANONICAL	ACTIVE
1.4.10	1.4	sublineage	2223946	G	C	1	1.00000000	1.00000000	1.0	CANONICAL	ACTIVE
1.4.2	1.4	sublineage	123384	C	T	1	1.00000000	1.00000000	1.0	CANONICAL	ACTIVE
1.4.2	1.4	sublineage	315142	A	G	1	1.00000000	1.00000000	1.0	CANONICAL	ACTIVE
1.4.2	1.4	sublineage	437043	G	A	1	1.00000000	1.00000000	1.0	CANONICAL	ACTIVE
1.4.2	1.4	sublineage	496582	C	T	1	1.00000000	1.00000000	1.0	CANONICAL	ACTIVE
1.4.2	1.4	sublineage	573851	A	G	1	1.00000000	1.00000000	1.0	CANONICAL	ACTIVE
1.4.3	1.4	sublineage	623806	C	T	1	1.00000000	1.00000000	1.0	CANONICAL	ACTIVE
1.4.3	1.4	sublineage	918131	G	A	1	1.00000000	1.00000000	1.0	CANONICAL	ACTIVE
1.4.3	1.4	sublineage	2081089	G	T	1	1.00000000	1.00000000	1.0	CANONICAL	ACTIVE
1.4.4	1.4	sublineage	157287	G	T	1	1.00000000	1.00000000	1.0	CANONICAL	ACTIVE
1.4.4	1.4	sublineage	670937	C	T	1	1.00000000	1.00000000	1.0	CANONICAL	ACTIVE
1.4.4	1.4	sublineage	807437	C	T	1	1.00000000	1.00000000	1.0	CANONICAL	ACTIVE
1.4.4	1.4	sublineage	980681	G	A	1	1.00000000	1.00000000	1.0	CANONICAL	ACTIVE
1.4.4	1.4	sublineage	1231810	C	T	1	1.00000000	1.00000000	1.0	CANONICAL	ACTIVE
1.4.5	1.4	sublineage	974092	T	G	1	1.00000000	1.00000000	1.0	CANONICAL	ACTIVE
1.4.5	1.4	sublineage	1042347	A	G	1	1.00000000	1.00000000	1.0	CANONICAL	ACTIVE
1.4.5	1.4	sublineage	1250834	A	T	1	1.00000000	1.00000000	1.0	CANONICAL	ACTIVE
1.4.5	1.4	sublineage	3144536	C	T	1	1.00000000	1.00000000	1.0	CANONICAL	ACTIVE
1.4.5	1.4	sublineage	3381723	C	T	1	1.00000000	1.00000000	1.0	CANONICAL	ACTIVE
1.4.6	1.4	sublineage	210560	G	A	1	1.00000000	1.00000000	1.0	CANONICAL	ACTIVE
1.4.6	1.4	sublineage	298398	A	G	1	1.00000000	1.00000000	1.0	CANONICAL	ACTIVE
1.4.6	1.4	sublineage	450434	C	T	1	1.00000000	1.00000000	1.0	CANONICAL	ACTIVE
1.4.6	1.4	sublineage	888041	G	A	1	1.00000000	1.00000000	1.0	CANONICAL	ACTIVE
1.4.6	1.4	sublineage	1048664	T	A	1	1.00000000	1.00000000	1.0	CANONICAL	ACTIVE
1.4.7	1.4	sublineage	399	C	T	1	1.00000000	1.00000000	1.0	CANONICAL	ACTIVE
1.4.7	1.4	sublineage	52310	G	A	1	1.00000000	1.00000000	1.0	CANONICAL	ACTIVE
1.4.7	1.4	sublineage	102553	T	C	1	1.00000000	1.00000000	1.0	CANONICAL	ACTIVE
1.4.7	1.4	sublineage	153197	G	A	1	1.00000000	1.00000000	1.0	CANONICAL	ACTIVE
1.4.7	1.4	sublineage	368948	C	T	1	1.00000000	1.00000000	1.0	CANONICAL	ACTIVE
1.4.8	1.4	sublineage	3649	C	A	1	1.00000000	1.00000000	1.0	CANONICAL	ACTIVE
1.4.8	1.4	sublineage	100472	C	T	1	1.00000000	1.00000000	1.0	CANONICAL	ACTIVE
1.4.8	1.4	sublineage	242400	T	A	1	1.00000000	1.00000000	1.0	CANONICAL	ACTIVE
1.4.8	1.4	sublineage	362045	T	A	1	1.00000000	1.00000000	1.0	CANONICAL	ACTIVE
1.4.8	1.4	sublineage	469210	C	T	1	1.00000000	1.00000000	1.0	CANONICAL	ACTIVE
2.1.1	2.1	sublineage	417396	A	G	1	1.00000000	1.00000000	1.0	CANONICAL	ACTIVE
2.1.1	2.1	sublineage	485660	T	A	1	1.00000000	1.00000000	1.0	CANONICAL	ACTIVE
2.1.1	2.1	sublineage	553430	T	A	1	1.00000000	1.00000000	1.0	CANONICAL	ACTIVE
2.1.1	2.1	sublineage	681344	G	A	1	1.00000000	1.00000000	1.0	CANONICAL	ACTIVE
2.1.1	2.1	sublineage	771769	T	G	1	1.00000000	1.00000000	1.0	CANONICAL	ACTIVE
2.1.2	2.1	sublineage	738524	C	T	1	1.00000000	1.00000000	1.0	CANONICAL	ACTIVE
2.1.2	2.1	sublineage	1731012	T	C	1	1.00000000	1.00000000	1.0	CANONICAL	ACTIVE
2.1.2	2.1	sublineage	2316326	C	T	1	1.00000000	1.00000000	1.0	CANONICAL	ACTIVE
2.1.2	2.1	sublineage	2721550	G	T	1	1.00000000	1.00000000	1.0	CANONICAL	ACTIVE
2.1.2	2.1	sublineage	3054373	T	C	1	1.00000000	1.00000000	1.0	CANONICAL	ACTIVE
2.1.3	2.1	sublineage	480007	C	T	1	1.00000000	1.00000000	1.0	CANONICAL	ACTIVE
2.1.3	2.1	sublineage	1312959	C	A	1	1.00000000	1.00000000	1.0	CANONICAL	ACTIVE
2.1.3	2.1	sublineage	2284375	T	A	1	1.00000000	1.00000000	1.0	CANONICAL	ACTIVE
2.1.3	2.1	sublineage	3303786	C	A	1	1.00000000	1.00000000	1.0	CANONICAL	ACTIVE
2.1.4	2.1	sublineage	2724138	T	G	1	1.00000000	1.00000000	1.0	CANONICAL	ACTIVE
2.2.1	2.2	sublineage	2048415	T	A	1	1.00000000	1.00000000	1.0	CANONICAL	ACTIVE
2.2.1	2.2	sublineage	2594351	A	T	1	1.00000000	1.00000000	1.0	CANONICAL	ACTIVE
2.2.2	2.2	sublineage	7075	G	A	1	1.00000000	1.00000000	1.0	CANONICAL	ACTIVE
2.2.2	2.2	sublineage	334231	C	T	1	1.00000000	1.00000000	1.0	CANONICAL	ACTIVE
2.2.2	2.2	sublineage	441404	C	T	1	1.00000000	1.00000000	1.0	CANONICAL	ACTIVE
2.2.2	2.2	sublineage	580121	G	A	1	1.00000000	1.00000000	1.0	CANONICAL	ACTIVE
2.2.2	2.2	sublineage	734815	A	C	1	1.00000000	1.00000000	1.0	CANONICAL	ACTIVE
2.2.3	2.2	sublineage	482779	C	T	1	1.00000000	1.00000000	1.0	CANONICAL	ACTIVE
2.2.3	2.2	sublineage	605834	C	A	1	1.00000000	1.00000000	1.0	CANONICAL	ACTIVE
2.2.3	2.2	sublineage	1654124	C	T	1	1.00000000	1.00000000	1.0	CANONICAL	ACTIVE
2.2.3	2.2	sublineage	1721662	C	T	1	1.00000000	1.00000000	1.0	CANONICAL	ACTIVE
2.2.3	2.2	sublineage	2323980	G	T	1	1.00000000	1.00000000	1.0	CANONICAL	ACTIVE
2.2.4	2.2	sublineage	1109249	G	T	1	1.00000000	1.00000000	1.0	CANONICAL	ACTIVE
2.2.4	2.2	sublineage	1260343	G	A	1	1.00000000	1.00000000	1.0	CANONICAL	ACTIVE
2.2.4	2.2	sublineage	1722357	G	A	1	1.00000000	1.00000000	1.0	CANONICAL	ACTIVE
2.2.4	2.2	sublineage	3343206	C	T	2	0.99838969	1.00000000	1.0	CANONICAL	ACTIVE
2.2.4	2.2	sublineage	3490192	G	A	2	0.99838969	1.00000000	1.0	CANONICAL	ACTIVE
2.3.1	2.3	sublineage	277039	C	A	1	1.00000000	1.00000000	1.0	CANONICAL	ACTIVE
2.3.1	2.3	sublineage	737338	A	G	1	1.00000000	1.00000000	1.0	CANONICAL	ACTIVE
2.3.1	2.3	sublineage	1229932	C	G	1	1.00000000	1.00000000	1.0	CANONICAL	ACTIVE
2.3.1	2.3	sublineage	1433318	A	G	1	1.00000000	1.00000000	1.0	CANONICAL	ACTIVE
2.3.1	2.3	sublineage	2273748	A	T	1	1.00000000	1.00000000	1.0	CANONICAL	ACTIVE
2.3.2	2.3	sublineage	816447	C	T	4	0.99773071	1.00000000	1.0	CANONICAL	ACTIVE
2.3.2	2.3	sublineage	1327555	C	T	2	0.99924357	1.00000000	1.0	CANONICAL	ACTIVE
2.3.3	2.3	sublineage	2235691	G	A	1	1.00000000	1.00000000	1.0	CANONICAL	ACTIVE
2.4.1	2.4	sublineage	1041006	T	C	1	1.00000000	1.00000000	1.0	CANONICAL	ACTIVE
2.4.1	2.4	sublineage	2224840	G	A	1	1.00000000	1.00000000	1.0	CANONICAL	ACTIVE
2.4.10	2.4	sublineage	3506892	G	C	5	1.00000000	0.97311252	1.0	FALLBACK_ANCHOR	ACTIVE_CONDITIONAL
2.4.11	2.4	sublineage	2089945	C	A	1	1.00000000	1.00000000	1.0	CANONICAL	ACTIVE
2.4.12	2.4	sublineage	299105	C	T	1	1.00000000	1.00000000	1.0	CANONICAL	ACTIVE
2.4.12	2.4	sublineage	400537	C	A	1	1.00000000	1.00000000	1.0	CANONICAL	ACTIVE
2.4.12	2.4	sublineage	518287	G	A	1	1.00000000	1.00000000	1.0	CANONICAL	ACTIVE
2.4.12	2.4	sublineage	1501581	A	C	1	1.00000000	1.00000000	1.0	CANONICAL	ACTIVE
2.4.12	2.4	sublineage	2104013	G	A	1	1.00000000	1.00000000	1.0	CANONICAL	ACTIVE
2.4.13	2.4	sublineage	577235	C	T	2	0.99686028	1.00000000	1.0	CANONICAL	ACTIVE
2.4.13	2.4	sublineage	976877	A	G	1	1.00000000	1.00000000	1.0	CANONICAL	ACTIVE
2.4.13	2.4	sublineage	976877	A	G	1	1.00000000	1.00000000	1.0	OVERRIDE	ACTIVE
2.4.13	2.4	sublineage	1063034	T	C	1	1.00000000	1.00000000	1.0	CANONICAL	ACTIVE
2.4.13	2.4	sublineage	2035689	C	T	1	1.00000000	1.00000000	1.0	CANONICAL	ACTIVE
2.4.13	2.4	sublineage	2121933	C	T	1	1.00000000	1.00000000	1.0	CANONICAL	ACTIVE
2.4.14	2.4	sublineage	2172149	G	A	2	0.99820789	1.00000000	1.0	CANONICAL	ACTIVE
2.4.15	2.4	sublineage	1460331	T	C	1	1.00000000	1.00000000	1.0	CANONICAL	ACTIVE
2.4.15	2.4	sublineage	1768235	C	A	1	1.00000000	1.00000000	1.0	CANONICAL	ACTIVE
2.4.15	2.4	sublineage	2273183	A	G	1	1.00000000	1.00000000	1.0	CANONICAL	ACTIVE
2.4.15	2.4	sublineage	2396329	G	T	1	1.00000000	1.00000000	1.0	CANONICAL	ACTIVE
2.4.15	2.4	sublineage	2859839	C	T	1	1.00000000	1.00000000	1.0	CANONICAL	ACTIVE
2.4.16	2.4	sublineage	1290543	C	T	2	0.99543379	1.00000000	1.0	CANONICAL	ACTIVE
2.4.16	2.4	sublineage	1622509	G	T	2	0.99543379	1.00000000	1.0	CANONICAL	ACTIVE
2.4.17	2.4	sublineage	189843	G	T	1	1.00000000	1.00000000	1.0	CANONICAL	ACTIVE
2.4.17	2.4	sublineage	366520	G	A	1	1.00000000	1.00000000	1.0	CANONICAL	ACTIVE
2.4.17	2.4	sublineage	500529	T	A	1	1.00000000	1.00000000	1.0	CANONICAL	ACTIVE
2.4.17	2.4	sublineage	602507	A	C	1	1.00000000	1.00000000	1.0	CANONICAL	ACTIVE
2.4.17	2.4	sublineage	1099153	T	G	1	1.00000000	1.00000000	1.0	CANONICAL	ACTIVE
2.4.4	2.4	sublineage	351931	A	G	1	1.00000000	1.00000000	1.0	CANONICAL	ACTIVE
2.4.4	2.4	sublineage	2402821	A	C	1	1.00000000	1.00000000	1.0	CANONICAL	ACTIVE
2.4.5	2.4	sublineage	2901430	G	A	1	1.00000000	1.00000000	1.0	CANONICAL	ACTIVE
2.4.6	2.4	sublineage	454398	C	T	1	1.00000000	1.00000000	1.0	CANONICAL	ACTIVE
2.4.6	2.4	sublineage	784815	C	G	1	1.00000000	1.00000000	1.0	CANONICAL	ACTIVE
2.4.6	2.4	sublineage	962750	A	C	1	1.00000000	1.00000000	1.0	CANONICAL	ACTIVE
2.4.6	2.4	sublineage	2394762	T	G	1	1.00000000	1.00000000	1.0	CANONICAL	ACTIVE
2.4.6	2.4	sublineage	2915685	A	T	1	1.00000000	1.00000000	1.0	CANONICAL	ACTIVE
2.4.9	2.4	sublineage	1040967	C	A	1	1.00000000	1.00000000	1.0	CANONICAL	ACTIVE
2.4.9	2.4	sublineage	1190603	G	A	1	1.00000000	1.00000000	1.0	CANONICAL	ACTIVE
2.4.9	2.4	sublineage	1418029	T	A	1	1.00000000	1.00000000	1.0	CANONICAL	ACTIVE
2.4.9	2.4	sublineage	2742650	A	G	1	1.00000000	1.00000000	1.0	CANONICAL	ACTIVE
2.5.1	2.5	sublineage	2113909	C	A	1	1.00000000	1.00000000	1.0	CANONICAL	ACTIVE
2.5.2	2.5	sublineage	466959	G	A	1	1.00000000	1.00000000	1.0	CANONICAL	ACTIVE
2.5.2	2.5	sublineage	737591	T	A	1	1.00000000	1.00000000	1.0	CANONICAL	ACTIVE
2.5.2	2.5	sublineage	2235965	G	A	1	1.00000000	1.00000000	1.0	CANONICAL	ACTIVE
2.5.3	2.5	sublineage	629861	C	T	1	1.00000000	1.00000000	1.0	CANONICAL	ACTIVE
2.5.4	2.5	sublineage	169108	A	C	1	1.00000000	1.00000000	1.0	CANONICAL	ACTIVE
2.5.4	2.5	sublineage	634995	G	T	1	1.00000000	1.00000000	1.0	CANONICAL	ACTIVE
2.5.4	2.5	sublineage	952823	C	T	1	1.00000000	1.00000000	1.0	CANONICAL	ACTIVE
2.5.4	2.5	sublineage	1204491	A	G	1	1.00000000	1.00000000	1.0	CANONICAL	ACTIVE
2.5.4	2.5	sublineage	1489376	C	T	1	1.00000000	1.00000000	1.0	CANONICAL	ACTIVE
2.5.5	2.5	sublineage	374250	A	G	1	1.00000000	1.00000000	1.0	CANONICAL	ACTIVE
2.5.5	2.5	sublineage	2246114	T	C	1	1.00000000	1.00000000	1.0	CANONICAL	ACTIVE
2.5.6	2.5	sublineage	1733723	T	G	3	0.99938291	0.98929601	1.0	FALLBACK_ANCHOR	ACTIVE_CONDITIONAL
2.5.7	2.5	sublineage	1097028	C	T	1	1.00000000	1.00000000	1.0	CANONICAL	ACTIVE
2.5.7	2.5	sublineage	2730439	G	C	1	1.00000000	1.00000000	1.0	CANONICAL	ACTIVE
2.5.8	2.5	sublineage	2860886	T	C	1	1.00000000	1.00000000	1.0	CANONICAL	ACTIVE
2.5.8	2.5	sublineage	2860886	T	C	1	1.00000000	1.00000000	1.0	OVERRIDE	ACTIVE
2.5.9	2.5	sublineage	42866	A	C	1	1.00000000	1.00000000	1.0	CANONICAL	ACTIVE
2.5.9	2.5	sublineage	470572	A	C	1	1.00000000	1.00000000	1.0	CANONICAL	ACTIVE
2.5.9	2.5	sublineage	1258049	G	A	1	1.00000000	1.00000000	1.0	CANONICAL	ACTIVE
2.5.9	2.5	sublineage	1620686	C	G	1	1.00000000	1.00000000	1.0	CANONICAL	ACTIVE
2.5.9	2.5	sublineage	2035478	A	G	1	1.00000000	1.00000000	1.0	CANONICAL	ACTIVE
